Bolls failed to open,కాయ పగలటం లేదు
Bolls turns into black,కాయలు నలుపు రంగులో మారుతున్నాఈ
Bored bolls,కాయలపై  రంద్రాలు ఉన్నయి
Delay in fruiting,కాయపగలటం ఆలస్యం అవుతున్నాయి
Delay in maturity of the bolls. ,కాయ పకాానికి రావటం ఆలస్యమవుతుంది
Excreta in the bolls,కాయపై  పురుగు విస్ర్జిత మలిన్నలున్నాయి
Fed bolls but holes not visible.,కాయాపై  ఎటువంటి రంద్రా  లు లేకండా నష్ట లక్షణాలున్నాయి
Premature opening of damaged bolls,దెబ్బతినా కాయలు పూర్జి గా ఊరకమందే పగులుతున్నాయి
Premature ripening of bolls,కాయలు పూర్జి గా ఊరకమందే పగులుతున్నాయి
Premature shedding of bolls,కాయలు పూర్జి గా ఊరకమందే రాలిపోతున్నాయి
Retarded growth of bolls,కాయలు  ఉరటం లేదు
Sooty mould development on bolls,కాయపై  నలలటి మసి గమనించాను
Spots on bolls,కాయలపై  మచ్చలున్నాయి
Bored squares/bored flower buds,పూతమీద రంద్రాలున్నాయి
Delay in blooming,పూతక రావటం ఆలస్యమవుతుంది
Fed buds,పురుగుతినె పూలను గమనించాను
Premature shedding of flowers,పూమొగ్గలు రాలటం గమనించాను
“rosette” flowers.,పూలు స్ర్జగా విచ్చచకోవడం లేదు
Shedding of flowers,పూత రాలడం గమనించాను
Withering of flowers,పూత మాడటం గమనిచాను
Insect on lower side of the leaf,ఆకు కింది భాగంలో పేను/నలిల  లాటి పురుగులునన్నాయి
Presence of insects in the bolls,కయలోపల పురుగులునన్నయా
Blackening of veins in leaves,Blackening of veins in leaves
Brittle leaves,ఆకులు పళుసుగా ఉన్నాయి
Cotyledons start bending and collapse,మొలకెతిి న పతిి పై న గంజ బ్దద లు వంగటం లేదా రాలటం గమనించాను
Curling of leaves,ఆకు మడుత గమనించాను
Discolorization of leaves,ఆకు రంగు మరుతుంది
Dried leaves,మొక్క ఆకలు ఎండుతున్నాయి
Fed leaves/holes in leaves,ఆకలపై రంద్రాలు/పురుగులు తిన్న ఆకలు గమనించాను
Necrosis of leaves,ఆకులపై చిన్న చిన్న కుల్లిన మచ్చలు గమనించాను
Powdery growth on leaves,ఆకులపై బూడిద లాoటి పౌడరు గమనించాను
Reduction in leaf size,ఆకులు చిన్నవిగా ఉన్నాయి
Rolling of leaves,ఆకలు చ్చటిట నటుల   ఉన్నయీ
Shedding of leaves,ఆకలు రాలుతున్నాయి
Sooty mould development on leaves,ఆకులపై  నల్లటి మసి గమనించాను
Spots(lesions) on leaves,ఆకులపై  ఉబ్బబన మచ్చలునాయి
Spots on leaves,ఆకలపై  మచ్చలునాయీ
The leaf petioles start bending and collapse,ఆక తొడిమెలు వంగపొయి రాలుతున్నాయీ
Upward cupping of leaves,ఆకులు  పైకి మడుచ్చకపోతున్నాయీ
Brittle mass in lint,Brittle mass in lint
Poor quality lint,దూది న్నణ్యత లోపంచి ఉన్నది
Retarded development of lint,కయలోపలి దూది సరిగ్గ వ్రుద్ది చందలేదు
Staining of lint,దూది రంగు మరింది
Root rot,వేరుకళుి గమనిచాను
Fed seeds,కాయ లోపల పురుగులు తిన్న పత్తి గంజలు గమనించాను
Low germination percentage,పత్తి గంజల మొలక శాతం తక్కువగా ఉన్నది
Reduced seed size,పత్తి గింజలు చిన్నవిగ ఉన్నాయి
Underdeveloped seeds,గంజలు సరిగ్గ వ్రుద్ది చందలేదు
Bored stem,కాండముపై  రంద్రాలు  ఉన్నాయి
Dark reddish-brown cankers are formed on the stems ,కాండమ పైన మదురు ఎరుపు గోదుమ రంగు తుపుు గమనించాను
Drying of stems/wilting of stems ,కాండమ ఎండుట లేదా పగిలినటు ఉన్నాయి
Fed shoots,
Galls on stems,కాండము పై  గుంటలు పడినత్లల మచ్చలు ఉన్నాయి
Girdling of stem ,
Gummosis,కాండమ పై  బ్ంక కారుడు గమనించాను
Powdery growth on stems,కాండమపై  బూడిద వంటి మసి ఉన్నది
Shredding of bark.,కాండమపై  పచ్చలు లేసినటుల    ఉన్నాయి
Sooty mould development on stem,కాండమపై  నల్లటి మసి పూత ఉన్నాది
Splitting of stem,కాండమపై  పగుల్ళు గమనించాను
Spots on stems,కాండమపై  మచ్చలు ఉన్నాయి
Stem damage(need to name it),కాండమ లోపలి భాగంలో దెబ్బతినా కణ్జాలం గమనించాను
Terminal bud often dies ,చెట్టు మొగ్గల  భాగం ఎండిపోతున్నది
White waxy growth on stems,కాండమపైన తెల్లటి జిగురు లాంత్ టి పద్రరధం మనించాను
Withering of stems/drooping of stems,కాండమ వడలినటుల    గమనించాను
Bushy appearence of plant,మొక్క గడస్ బార్జనటుల  పొదలగా ఉన్నాది
Stunted growth of plant,కాండం గడస్ బార్జనటుల    ఉన్నది
Wilting of plant,మొక్కలు వడబ్డినటుల    ఉన్నాయి
Are bolls not opening?,"కాయ పగలటం లేదా?"
Are bolls turning into black color?,"కాయలు నలుపు రంగులో మారుతున్నాయా"
Do bolls have holes?,"కాయలపై  రంద్రా  లునాయా?"
Is there a delay in fruiting?,"కాయపగలటం ఆలస్యం అవుతున్నాయా?"
Do you find any delay in maturity of the bolls?,"కాయ పకాానికి రావటం ఆలస్యమవుతుంద్ర?"
Do you notice any excreta in the bolls,"కాయపై  పురుగు విస్ర్జి త మలిన్నలునాయా?"
Do you observe any boll damage (holes are not visible)?,"కాయాపై  ఎటువంటి రంద్రా  లు లేకండా నష్ట లక్షణాలునాయా?"
Do you detect any damaged bolls with premature opening?,"దెబ్బతినా కాయలు పూర్జి గా ఊరకమందే పగులుతునాయా?"
Do you discover any premature ripening of bolls?,"కాయలు పూర్జి గా ఊరకమందే పగులుతున్నాయా?"
Do you find any premature shedding of bolls?,"కాయలు పూర్జి గా ఊరకమందే రాలిపోతున్నాయా?"
Is growth of bolls retarted?,"కాయలు  ఉరటం లేద్ర?"
Do you observe any sooty mould on bolls?,"కాయపై  నలల టి మసి గమనించారా?"
Do you notice any spots on bolls?,"కాయలపై  మచ్చలున్నాయా"
Do flower buds have holes?,"పూతమీద రంద్రా  లున్నాయా?"
Is there a delay in blooming?,"పూతక రావటం ఆలస్యమవుతునాద్ర?"
Do you observe any buds eaten by insects?,"పురుగుతినా పూలను గమనించారా?"
Do you find any premature shedding of flowers?,"పూమొగగ లు రాలటం గమనించారా?"
Are flowers not opening properly [rosette flowers]?,"పూలు స్ర్జగా విచ్చచకోవడం లేద్ర?"
Do you observe any shedding of flowers?,"పూత రాలడం గమనించారా?"
Do you notice any withering of flowers?,"పూత మాడటం గమనిచారా?"
Do you observe any insects on lower side of the leaves?,"ఆక కింది భాగంలో పేను/నలిల  లంటి పురుగులునాయా?"
Do you find any insects in the bolls?,"కయలోపల పురుగులునన్నయా?"
Do you observe any leaves with blackened veins?,
Do you discover any Brittle leaves?,"ఆకలు పళుసుగా ఉన్నాయా?"
Do you detect any cotyledons start bending and collapsing?,"మొలకెతిి న పతిి పై న గంజ బ్దద లు వంగటం లేద్ రాలటం గమనించారా?"
Do you observe any curling of leaves?,"ఆక మడుత గమనించారా?"
Do you notice any change in leaf color?,"ఆక రంగు మార్జంద్ర?"
Do you find any dried leaves?,"మొకక ఆకలు ఎండుతున్నాయా?"
Do you observe any holes in leaves or leaves eaten by insect?,"ఆకలపై  రంద్రా  లు గాని పురుగులు తినా ఆకలులు గాని గమనించారా?"
Do you observe any necrosis on leaves?,"ఆకలపై  చినా చినా కళ్ళిన మచ్చలు గమనించారా?"
Do you find any powdery growth on leaves?,ఆకలపై  బూడిద లంటి పౌడరు గమనించారా?
Do you notice any reduction in size of leaves?,"ఆకలు చినావిగా ఉన్నాయా?"
Do you observe any rolling of leaves?,"ఆకలు చ్చటిట నటుల నాయా?"
Do you observe any shedding of leaves?,"ఆకలు రాలుతున్నాయా?"
Do you find any sooty mould on leaves?,"ఆకలపై  నలల టి మసి గమనించారా?"
Do you find any spots(lesions) on leaves?,"ఆకలపై  ఉబ్బబన మచ్చలునాయా?"
Do you observe any spots on leaves?,"ఆకలపై  మచ్చలునాయా?"
Do you find any leaf petioles start bending and collapsing?,"ఆక తొడిమెలు వంగపాయి రాలుతున్నాయా?"
Do you observe any upward cupping of  leaves?,"ఆకలు  పై కి మడుచ్చకపోతున్నాయా"
Do you observe any Brittle mass in lint?,"కయలోపాలి దూది పళుసు పద్రరధ ంగా ఉనాద్ర?"
Is quality of lint poor?,"దూది న్నణ్యత లోపంచి ఉనాద్ర?"
Is development of lint  retarded?,"కయలోపలి దూది స్ర్జగా వృదిధ  చందలేద్ర?"
Do you observe any staining of lint?,"దూది రంగు మార్జయునాడా?"
Do you observe any root rot in the crop?,"వేరుకళుి గమనిచారా?"
Do you observe any seeds eaten by insects?,"కాయ లోపల పురుగులు తినా పతిి  గంజలు గమనించారా?"
Do you observe any low seed germination percentage?,"పతిి  గంజల మొలక శాతం తకకవగా ఉనాద్ర?"
Do you find any reduction in size of seeds?,"పతిి  గoజలు చినావిగా ఉన్నాయా?"
Do you notice any underdeveloped seeds?,"గంజలు స్ర్జగా వృదిధ  చందలేద్ర?"
Do you observe any bores on stem?,కాండమపై  రంద్రా  లున్నాయా?
Do you notice any Dark reddish-brown cankers are formed on the stem?,"కాండమ పై న మదురు ఎరుపు గోడురంగు తుపుు గమనించారా?"
Do you detect any drying/wilting of stem?,"కాండమ ఎండుట లేద్ర వదలినటుల   నాయా?"
Do you observe any shoots eaten by insects?,"చటుట    మోతి ం పురుగులు తినినటుల   న్నాయా?"
Do you find any galls on stem?,"కాండమ పై  గుంటలు పడినటుల    మచ్చలు ఉన్నాయా?"
Do you observe any girdling of stem?,Do you observe any girdling of stem?
Do you observe any appearance of gum on stem?,"కాండమ పై  బ్ంక కారుడు గమనించారా?"
Do you find any powdery growth on stem?,"కాండమపై  బూడిద వంటి మసి ఉనాద్ర?"
Do you observe any shedding of bark?,"కాండమపై  పచ్చచలు లేసినటుల    ఉన్నాయా?"
Do you observe any sooty mould on stem?,"కాండమపై  నలల టి మసి పూత ఉనాద్ర?"
Do you discover any splitting of stem?,"కాండమపై  పగుళుి గమనించారా?"
Do you find any spots on stem?,"కాండమపై  మచ్చలు ఉన్నాయా?"
Do you observe any damage inside stem?,"కాండమ లోపలి భాగంలో దెబ్బతినా కణ్జాలం గమనించారా?"
Do you detect any drying/ falling of terminal buds?,"చెట్టు    మొగగ  భాగం ఎండిపోతునాడా?"
Do you observe any white waxy growth on stem?,"కాండమపై న తెలల టి జిగురు లంటి పద్రరధం గమనించారా?"
Do you observe any withering/drooping of stem?,"కాండమ వడలినటుల గమనించారా?"
Do you observe any bushy appearance of a plant?,"మొకక గడస్ బార్జనటుల పొదలగా ఉనాద్ర?"
Do you detect any stunted growth of a plant?,"కాండం గడస్ బార్జనటుల ఉనాద్ర?"
Do you find any wilting  of a plant?,"మొకకలు వడబ్డినటుల ఉన్నాయా?"
Bolls,కాయలు
Flowers,పులు
Insects,కీటకాలు
Leaves,ఆకులు
Lint,ధుధి
Root,వేరు
Seeds,విత్తనము
Stems,కాండము
Whole plant,పుర్థి మొక్క
Do you observe any damage on bolls?,కాయమీద నష్ట లక్షనాలునాాయా?
Do you find any damage on Flowers?,పూతమీద నష్ట లక్షనాలునాాయా?
Do you see any Insect/Egg/Larve  on plant?,"మొక్కపై న చిలుక్లు/పురుగు/గుడ్ల  సముదాయము గమనించారా?"
Do you find any Damage on Leaves?,"ఆకులమీద నష్ట లక్షనాలునాాయా?"
Do you observe any Problem with the Lint?,"కాయ దూదిపై  నష్ట లక్షనాలునాాయా?"
Do you find any rotting problem?,"వేరుకుళ్ళు లక్షనాలునాాయా?"
Do you see any  seed damage?,"గింజలపై  నష్ట లక్షనాలునాాయా?"
Do you observe any stem damage?  ,"కాిండ్ింపై  నష్ట లక్షనాలునాాయా?"
Do you observe any problem with the whole plant? ,"మొక్కoతటా నష్ట లక్షనాలునాాయా?"
Premature opening of the bolls but no fungus,కయలపై  బూజు  లెకుండ  కుళ్ళి పట్టిన లక్షణాలు
Premature opening of the boll leading to invasion of saprophytic fungus. ,కయలపై కుళ్ళి బూజు పట్టిన లక్షణాలు
Bright yellow/orange/brown bolls,"ముదురు ఎరుపు లేదా గోధుమ రంగులో కాయలు"
Dark black  irregular spots,నల్లటి మచ్చ కాయలు
"Small water soaked, circular, reddish brown depressed spots appear on the bolls",ముదురు ఎరుపు లేదా ఉదా రంగు గల చిన్న గుంతలమాదిరి మచ్చ కాయలు
Spherical or elliptical purple spots on bolls,డ్ర టి ఉదా రంగు మచ్చ కాయలు
Yellow or white spots ,"పసుపు లేదా తెలుపు రంగు మచ్చ కాయలు"
"Flared squares [bolls are bored at the base of flower buds which are hollowed out, bracts of damaged flower buds spread out and curl down wards.]",పత్తి గూడలలో రంధ్రా లు పడిన పూమొగ్గలు
Flaring up of bracts during square and young boll formation stage,పత్తి కాయ పిoదే దశలో ఉన్నప్పుడు గూడలలో రంధ్రాలు
"Adult is minute insect measuring about 0.5 mm in length having white or greyish wings, a yellowish body and red medially constricted eyes.","తెలుపు లేదా బూడిద రంగు రెక్కలు మరియు పసుపు రంగు శరీరము గల చిన్న సీతాకోక చిలుకలు"
"Adult is small, soft, yellowish, green or greenish brown in colour. It is found in colonies under surface of leaves and infested parts",
"Insect is velvety, black with yellowish – green dorsal stripes and lateral white bands with incomplete ring – like dark band on anterior and posterior end of the body.",
On lower side of leaves colonies of larvae are found at young stages.,ఆకు అడుగు భాగములో చిన్న సైజుగల పురుగు / లార్వాల సముదాయం
On lower surface of leaves insects are found in colonies.,ఆకు అడుగు భాగములో చిన్న పురుగుల సముదాయం
"Caterpillars are of varying colour, initially brown and later turn greenish with darker broken lines along the side of the body. ",ఉదా రంగు లేదా లేత ఆకు పచ్చ రంగు లార్వాల (పచ్చపురుగు) వీపుభాగంలో రెండు నల్లటి నలువు చారలు ఉన్న పురుగులు
Greyish brown bug with hyaline wings and roughly rectangular in shape,
Pinkish larvae with dark brown head.,నల్లటి తల గల గులాబి రంగు పురుగు
The caterpillars of  have a number of black and brown spots on the body,నల్ల లేదా ఉదా రంగు మచ్చలు గల లద్దె పురుగులు
The larva inserts its head inside the boll and feeds by filling the bolls.,
The larva inserts its head inside the boll and feeds by filling the boll with excreta,కాయాలపై రంధ్రములు చేసి తలభాగం రంధ్రము లోపల ఉంచి మరియు శరీరం బయట గల పురుగులు
Curling both sides,పురుగులలో(లార్వాలు) గుండ్ర ముగా ఎటైనా ముడుచుకొనే సాభావము
Only downward curling of leaves,పురుగులలో (లార్వాలు) గుండ్రముగా క్రoదివైపు ముడుచుకొనే సాభావము
Only upward curling of leaves,పురుగులలో (లార్వాలు) గుండ్రముగా పై వైపు ముడుచుకొనే సాభావము
A pale yellowish green colour of leaf(older),లేత   పసుపు పచ్చ రంగు పురుగులు (లారాాలు)
Bronzing and interveinal chlorosis appear. ,"ఈనెలలో మధ్యభాగంలో పసుపు రంగుతో ఉన్న ఆకులు"
Chlorotic spots which later coalesce forming irregular yellowing of leaves which extends from veins to outer edges. ,"పసుపు రంగు చారలు లేదా మచ్చలు గల ఆకులు"
Fading of leaf (yellow),పసుపు వర్ణoలో పాలిపోయున్న ఆకులు
Leaf is dark green in colour ,ముదురు ఆకు పచ్చ రంగు గల ఆకులు
Leaf margins turning yellow to red,"పసుపు లేదా ఎరుపు రంగులోకి మారుతున్న ఆకుల అంచు భాగం"
Leaf turns into yellow color,పసుపు వర్ణoలోకి మారుతున్న ఆకులు
Pale yellowish leaves,లేత పసుపు రంగులోకి మారుతున్న ఆకులు
Purplish red leaves with green veins (older leaves),ముదురు ఆకుల ఈనెలు మినహా  ఎరుపు రంగులోకి మారుతున్న మిగిలిన భాగం
The whole leaf becomes reddish brown after spots occurs,"మచ్చలు ఏర్పడి తరువాత పూర్తిగా ఎరుపు వర్ణoలోకి మారుతున్న ఆకులు"
Yellowing of edges of leaves i.e. discolouration starts from the margin and spreads towards the midrib. Finally leaf turns brown ,ఆకు కోణాల వెంబడి పసుపు రంగులో మారి క్రమముగా ఆకు మధ్యభాగం  వరకు వ్యాపించి ఉదా రంగులో మారటం
Yellowish leaves(young).,పసుపు రంగులోకి మారుతున్న లేత ఆకులు
Circular holes on leaves.,గుండ్రటి రంధ్రములు గల ఆకులు
Irregular holes on leaves,బహుళాకృతి రంధ్రములు గల ఆకులు
Marginal portion of leaves eaten away,"పురుగు తిన్నట్లు గా ఉన్న ఆకుల అంచు"
Skelitinzation of leaves ,జల్లెడ గా మారిన ఆకులు
Brown necrotic patches on the leaves. ,గజ్జిలాగా ఉదా రంగు మచ్చలు గల ఆకులు
On older leaves the necrotic center of the spots may be marked by a pattern of concentric zonation,
Shedding of all leaves,మొత్తo రాలిపోతున్న ఆకులు
Shedding of older leaves,రాలిపోతున్న  ముదురు ఆకులు
Circular or irregular spots with grayish white centre surrounded by brown margin,ఆకులపై గుండ్ర టి లేదా బహుఆకృతి గల మచ్చల చుట్టూ  ముదురు ఉదా రంగు వలయం కలిగి మధ్యలో బుదిద వర్ణము కలిగిన మచ్చలు
Water soaked lesions appear on upper surface of leaf,ఆకు పై భాగంలో నీటి చుక్కలు లాంటి మచ్చలు
Bright yellow/orange/brown spots usually on under surface of the older(lower) leaves surrounded by purple borders,ముదురు ఆకుల అడుగు భాగంలో పసుపు లేదా నారింజ లేదా ముదురు గోధుమ రంగు మచ్చల చుట్టూ   ఉదా రంగు వలయం
Circular spots,ఆకులపై గుండ్రటి మచ్చలు
Cotton rust-light yellowish green spots appear between the veins.,"ఆకుల ఈనెల మధ్యలో పసుపు లేదాపచ్చ రంగులో మచ్చలు"
Reddish brown colour angular spots on both sides of leaves,ఆకులకు ఇరువైపులా ఈనెల మధ్యభాగంలో  ముదురు  గోదుమ వర్ణo మచ్చలు
Reddish circular spots on leaves,ఆకులపై గుండ్రని ఎరుపు రంగు మచ్చలు
"Small brown, round spots surrounded by a purple margin appear on leaves. ",చిన్నచిన్న ముదురు గోధుమ రంగు మచ్చల చుట్టూ ఉదా రంగు  వలయం
The spots are grayish white in colour with deep purple margin,"ఆకులపై తెలుపు లేదా బూడిద రంగు మచ్చల కోసల వెంబడి వంకాయ రంగు వలయము"
Yellow spots on leaves,ఆకులపై పసుపు రంగు మచ్చలు
Black color of lint,నల్ల గా మారియున్న కాయ లోపలి పత్తి
Lint turns into red color,ఎరుపు వర్ణoలో మారియున్న కాయ లోపలి పత్తి
Pink colour of lint,గులాబి వర్ణoలో మారియున్న కాయ లోపలి పత్తి
Yellow colour of lint,"పసుపు వర్ణoల ోమారియున్న కాయ లోపలి పత్తి"
Yellow or brown color of lint,"పసుపు లేదా ముదురు గోధుమ వర్ణoలో మారియున్న కాయ లోపలి పత్తి"
Bright yellow/orange/brown spots usually on stems surrounded by purple borders,కాండము పై పసుపు లేదా నారింజ రంగు మచ్చల చుట్టూ ఉదా రంగు  వలయము
Spherical or elliptical purple spots on stems,కాండముపై గుండ్రటి లేదా సర్పిలాకారపు మచ్చలు
Browning or blackening of vascular tissues i.e black streaks or stripes may be seen extending upwards to the branches ,కాండము చీల్చి చుస్తే  ముదురు గోధుమ లేదా నలుపు రంగులో మారియున్న లోపలి కణజాలం
Pinkish to pinkish brown discolouration of stem,"ముదురు గోధుమ లేదా గులాబి రంగులోకి మారుతున్న కాండము"
In all stages,"అన్ని దశలలో పెరుగుదల లోపించిన పంట"
The vegetative growth retarded ,"పెరుగుదల దశలో పెరగకుండా గిడసబారిపోతున్న మొక్కలు"
Wilting of plants in concentric circular patches in the crop,"గుంపులు గుంపులుగా ఎండిపోతున్న చెట్లు"
Wilting of plants in whole crop,మొత్తo వడలిపోతున్న పంట
Do you observe that bolls are opened but no fungus?,కయలపై  బూజు  లెకుండ  కుళ్ళి పట్టిన లక్షణాలున్నా‌యా?
Do you observe any saprophytic fungus in bolls?,కాయలప కుళ్ళి బూజు పట్టిన లక్షణాలున్నా‌యా?
Do you observe any spots with bright yellow/orange/brown in color?,"కాయలు ముదురు ఎరుపు లేదా గోధుమ రంగులో ఉన్నాయా?"
Do you find any irregular spots with dark black in color?,కాయలపై నల్లటి మచ్చలు ఉన్నాయా?
"Do you observe any circular spots with reddish brown in color,  small water soaked and depressed? ",కాయలపై ముదురు ఎరుపు లేదా ఉదా రంగు గల చిన్న గుంతలమాదిరి మచ్చలు ఉన్నాయా?
Do you observe any spherical or elliptical spots with purple color?,"కాయలపై గుండ్ర టి ఉదా రంగు మచ్చలుగమనిoచారా?"
Do you find any spots  with yellow or white color?,"కాయలపై పసుపు లేదా తెలుపు రంగు మచ్చలు గమనిoచారా?"
"Do you detect any flared squares (bolls are bored at the base of flower buds which are hollowed out, bracts of damaged flower buds spread out and curl down wards)?","పత్తి గూడలలో రంధ్రా లు పడిన పూమొగ్గలు గమనిoచారా?"
Do you detect any flaring up of bracts during square and young boll formation stage?,"పత్తి కాయ పిoదే దశలో ఉన్నప్పుడు గూడలలో రంధ్రాలు గమనిoచారా?"
"Do you find any adult insect (length 0.5mm with white or greyish wings, yellowish body and red medically consticted eyes)?","తెలుపు లేదా బూడిద రంగు రెక్కలుమరియు పసుపు రంగు శరీరము గల చిన్నసీతాకోక చిలుకలు గమనిoచారా?"
"Do you notice any colony of  adult insects (small, soft, yellowish, green or greenish brown in colour)?",
"Do you detect insect with velvety, black with yellowish – green dorsal stripes and lateral white bands with incomplete ring – like dark band on anterior and posterior end of the body?",
Do you observe colonies of larvae are found at young stages?,"ఆకు అడుగు భాగములో చిన్న సైజుగల పురుగు / లార్వాల సముదాయం గమనిoచారా?"
Do you find insect colonies on lower side of the leaf?,ఆకు అడుగు భాగములో చిన్న పురుగుల సముదాయం గమనిoచారా?
Do you notice any caterpillars(Initially brown and later turn greenish with darker broken lines along the side of the body)?,"ఉదా రంగు లేదా లేత ఆకు పచ్చ రంగు
లార్వాల (పచ్చపురుగు) వీపుభాగంలో రెండు నల్లటి నలువు చారలు ఉన్న పురుగులను  గమనిoచారా?"
Do you detect any bugs with Greyish brown bug with hyaline wings and roughly rectangular in shape?,
Do you find any pink larvae  with dark brown head?,"నల్లటి తల గల గులాబి రంగు పురుగు గమనిoచారా?"
Do you detect any caterpillar with number of black and brown spots on the body? ,"నల్ల లేదా ఉదా రంగు మచ్చలు గల లద్దె పురుగులను  గమనిoచారా?"
Is larva head inside the boll and feeds by filling the bolls?,
Is larva head inside the boll and feeds by filling the bolls with excreta ?,కాయాలపై రంధ్రములు చేసి తలభాగం రంధ్రము లోపల ఉంచి మరియు శరీరం బయట గల పురుగులను గమనిoచారా?
Are leaves curling both sides?,పురుగులు (లార్వాలు) గుండ్ర ముగా ఎటైనా ముడుచుకొనే సాభావము కలిగి ఉన్నాయా?
Are leaves curling downwards?,పురుగులు (లార్వాలు) గుండ్రముగా క్రoదివైపు ముడుచుకొనే సాభావము కలిగి ఉన్నాయా?
Are leaves curling upwards?,పురుగులు (లార్వాలు) గుండ్రముగా పై వైపు ముడుచుకొనే సాభావము కలిగి ఉన్నాయా?
Are older leaves pale yellowish green in color?,"పురుగులు (లారాాలు) లేత   పసుపు పచ్చ రంగులో ఉన్నాయా?"
Do you observe any appearance of Bronzing and interveinal chlorosis?,"ఆకులు ఈనెల మధ్యభాగంలో పసుపు రంగు కలిగి ఉన్నాయా?"
Are there any Chlorotic spots which later coalesce forming irregular yellowing of leaves which extends from veins to outer edges?,"ఆకులపై పసుపు రంగు చారలు లేదా మచ్చలు గమనిoచారా?"
Are leaves fading into yellowish color?,"ఆకులు పసుపు వర్ణoలో పాలిపోతున్నాయా?"
Are leaves dark green in color?,ఆకులు ముదురు ఆకు పచ్చ రంగులో ఉన్నాయా?
Are leaves margins turning yellow to red in color?,"ఆకుల అంచు భాగం పసుపు లేదా ఎరుపు రంగులో  మారుతున్నాయా?"
Are leaves turn into yellow color?,"ఆకులు పసుపు వర్ణoలో మారుతున్నాయా?"
Are leaves change into pale yellowish color?,ఆకులు లేత పసుపు రంగులో మారుతున్నాయా?
Are older leaves turns into purplish red in color with green veins?,"ముదురు ఆకుల ఈనెలు మినహా మిగిలిన భాగం ఎరుపు రంగులో మారుతున్నాయా?"
Do you observe whole leaves turn into reddish brown in color after spots occur?,"ఆకులుపై మచ్చలు ఏర్పడి తరువాత పూర్తిగా ఎరుపు వర్ణoలో మారుతున్నాయా?"
Are leaves edges turn into yellow(discoloration starts from the margin and spreads towards the midrib. Finally leaf turns brown)?,"ఆకు కోణాల వెంబడి పసుపు రంగులో మారి క్రమముగా ఆకు మధ్యభాగం  వరకు వ్యాపించి ఉదా రంగులో మారినట్లు   గమనిoచారా?"
Are young leaves yellowish color?,"లేత ఆకులు పసుపు రంగులో మారుతున్నాయా?"
Do you find circular holes on leaves?,"ఆకులపై గుండ్రటి రంధ్రము లున్నాయా?"
Do you observe irregular holes on leaves?,"ఆకులపై బహుళాకృతి రంధ్రములున్నాయా?"
Do you observe marginal portion of leaves eaten by insect?,ఆకుల అంచు పురుగు తిన్నట్లు గా ఉన్నాయా?
Do you observe any skeletonization of leaves?,ఆకులు జల్లెడ గా మారినదా?
Do you observe any brown necrotic patches on leaves?,ఆకులపై గజ్జిలాగా ఉదా రంగు మచ్చలు ఉన్నాయా?
Do you find any older leaves with the necrotic center of the spots (marked by a pattern of concentric zonation)?,
Do you observe shedding of “all “ leaves?,ఆకులు మొత్తo రాలిపోతున్నాయా?
Do you find shedding of “older “ leaves?,ముదురు ఆకులు రాలిపోతున్నాయా?
Do you find lesions with circular or irregular spots with grayish white center surrounded by brown margin?,"ఆకులపై గుండ్ర టి లేదా బహుఆకృతి గలమచ్చల చుట్టూ  ముదురు ఉదా రంగు వలయం కలిగి మధ్యలో బుదిద వర్ణము కలిగిన మచ్చలు  ఉన్నాయా?"
Do you find water soaked lesions on upper surface of the leaf?,"ఆకు పై భాగంలో నీటి చుక్కలు లాంటిమచ్చలు ఉన్నాయా?"
Do you observe spots with bright yellow/orange/brown in color usually on under surface of the older(lower) leaves surrounded by purple border?,"ముదురు ఆకుల అడుగు భాగంలో పసుపులేదా నారింజ లేదా ముదురు గోధుమ రంగు మచ్చల చుట్టూ   ఉదా రంగు వలయం గమనిoచారా?"
Do you find circular spots?,ఆకులపై గుండ్రటి మచ్చలు గమనిoచారా?
Do you detect cotton rust-light yellowish green spots appear between the veins?,"ఆకుల ఈనెల మధ్యలో పసుపు లేదాపచ్చ రంగులో మచ్చలు గమనిoచారా?"
Do you find any angular spots with reddish brown in color on both sides of leaves?,ఆకులకు ఇరువైపులా ఈనెల మధ్యభాగంలో  ముదురు  గోదుమ వర్ణo మచ్చలు గమనిoచారా?
Do you observe circular reddish color spots  on leaves?,"ఆకులపై గుండ్రని ఎరుపు రంగు మచ్చలు గమనిoచారా?"
"Do you find any small brown, round spots surrounded by a purple margin?",చిన్నచిన్న ముదురు గోధుమ రంగు మచ్చల చుట్టూ ఉదా రంగు  వలయం గమనిoచారా?
Do you observe greyish white color spots with green purple margin?,"ఆకులపై తెలుపు లేదా బూడిద రంగు మచ్చల కోసల వెంబడి వంకాయ రంగు వలయము గమనిoచారా?"
Do you observe yellow spots on leaves?,"ఆకులపై పసుపు రంగు మచ్చలు గమనిoచారా?"
Do you notice black color lint?,కాయ లోపలి పత్తి నల్ల గా మారియున్నదా?
Do you observe lint turns into red color?,"కాయ లోపలి పత్తి ఎరుపు వర్ణoలో మారియున్నదా?"
Do you find pink color lint?,"కాయ లోపలి పత్తి గులాబి వర్ణoలో మారియున్నదా?"
Do you detect yellow color lint?,"కాయ లోపలి పత్తి పసుపు వర్ణoలో మారియున్నదా?"
Do you observe yellow or brown color lint?,"కాయ లోపలి పత్తి పసుపు లేదా ముదురు గోధుమ వర్ణoలో మారియున్నదా?"
Do you find spots with bright yellow/orange/brown color surrounded by purple borders?,"కాండముపై పసుపు లేదా నారింజ రంగు మచ్చల చుట్టూ ఉదా రంగు  వలయము గమనిoచారా?"
Do you observe spherical or elliptical spots with purple color?,"కాండముపై గుండ్రటి లేదా సర్పిలాకారపు మచ్చలు ఉన్నాయా?"
Do you find browning or blackening of vascular tissues of stem (black streaks or stripes may be seen extending upwards to the branches )?,"కాండము చీల్చి చుస్తే లోపలి కణజాలం ముదురు గోధుమ లేదా నలుపు రంగులో మారియున్నదా?"
Do you observe  discolouration of stem from pinkish to pinkish brown in color?,"కాండము ముదురు గోధుమ లేదా గులాబిరంగులో మారుతున్నాయా?"
Do you observe stunted growth of plant in all stages?,"పంట అన్ని దశలలో పెరుగుదల లోపించినదా?"
Do you observe stunted growth of plant in vegetative state?,"మొక్కలు పెరుగుదల దశలో పెరగకుండ గిడసబారిపోతున్నాయా?"
Do you find wilting of plants in concentric circular patches in the crop?,"చెట్లు గుంపులు గుంపులుగా ఎండిపోతునాయా?"
Do you observe wilting of plants in whole crop?,పంట మొత్తo వడలిపోతున్నదా?
Spotted boll worm,మచ్చల పురుగు/ తలనత్త పురుగు
Gram caterpillar or american boll worm,శనగపచ్చ  పురుగు
Pink bollworm,గులబి రంగు కాయ తొలుచు పురుగు
Tobacco caterpillar,పొగాకు లద్దె పురుగు
Leaf hoppers,Leaf hoppers
White flies,తెల్ల దోమ
Aphids,పేనుబంక
Mites,Mites
Thrips,తామర పురుగు
Red cotton bug,మరక నల్లి
Dusky cotton bug,మురికి నల్లి
Leaf roller,ఆకు చుట్టు పురుగు
Stem weevil,Stem weevil
Mealy bugs,పిండినల్లి
Rust,Rust
Helmenthosporium spots,హెల్మెంతొస్పొరీయం ఆకు మచ్చ తెగులు
Cercospora leaf spot,సెర్ర్కొస్పౌరా ఆకుమచ్చ తెగులు
Alternaria leaf spot,ఆల్టెర్నీరియా ఆకుమచ్చ తెగులు
Anthracnose,ఆంత్రాక్నొస్
Grey or aerolate mildew,బూజు తెగులు
Root rot,వేరు కుల్లు తెగులు
Verticellium wilt,Verticellium wilt
Fusarium wilt,ఏండు తెగులు
Bacterial blight or angular leaf spot or black arm,బాక్టీరియా నల్ల మచ్చ తెగులు
Nitrogen deficiency,నత్రజని లోపం
Phosphorus deficiency,భాస్వరం లోపం
Potassium deficiency,పొటాషియం లోపం
Calcium deficiency,కాల్షియం లోపం
Magnesium deficiency,మెగ్నీషియం లోపం
Sulphur deficiency,సల్ఫర్ లోపం
Boron deficiency,బోరాన్ లోపం
Zinc deficiency,జింక్ లోపం
"Chlorantraniliprole 0.3 ml or  Flubendiamide 0.25 ml , Indoxacarb 14.5%SC1.0 ml or  Profenofos 2.0 ml ,  Triazophos 40%EC 4.0 ml in 1.0 liter of water",లీటరు నీటికి క్వినాల్‌ఫాన్ 2 మి.లీ. లేదా క్లోరిపైరిఫాస్ 2.5 మి.లీ. లేదా ఎసిఫేట్ 1.5 గ్రా. లేదా ట్రైజోఫాస్ 2 మి.లీ. లేదా ధయోడికార్బ్ 1.5 గ్రా. చొప్పున కలిపి పిచికారి చేయాలి.
"Application of HaNPV @ 200 LE/ac in combination with jaggery 1 kg, sandovit 100 ml or Robin Blue 50 g thrice at 10-15 days interval on observing the eggs or first instar larvae in the evening hours. • Larval parasitoid such as Campoletis chloridae (Ichneumonidae); Eriborus angenteopilorus; Diadegma fenestalis; Bracon brevicornis; Peribaca orbata  etc. • ETL 10% of damaged buds (or) 5% of damage bolls or one egg / plant or one larva / 10 plants • In severe incidence, sprays with indoxacarb 1 ml/l or spinosad 0.3 ml/l or emamectin benzoate 0.5 g/l after collecting late instars.  ","సాయంత్రం గంటలలో గుడ్లు లేదా మొట్టమొదటి లార్వాలను గమనించినప్పుడు  10-15 రోజుల వ్యవధిలో హన్‌పివి @ 200 లీ / ఎసి , 1 kg, సాండోవిట్ 100 ml లేదా రాబిన్ బ్లూ 50 గ్రా కలయికతో కలపాలి. లార్వాల్ పారాసిటోయిడ్ లాంటి కాంపోలెటిస్ క్లోరిడే (ఇచ్న్యుమోనిడే ), ఎరిబొరస్ ఆంజెంటిఒపిలోరస్; డయాడెగ్మా ఫెన్స్తాలిస్; బ్రెకొన్ బ్రెవికోర్నిస్; పెరిబక ఓర్బట. • దెబ్బతిన్న మొగ్గలు 10% (లేదా), కాయలు (5%)  లేదా ఒక గుడ్డు / మొక్క లేదా ఒక లార్వా / 10 మొక్కలు 5% • తీవ్రమైన సంభవంలో, ఇండొక్జాకర్బ్ 1 ml / l లేదా స్పైనొసడ్ 0.3 ml / l లేదా ఎమామెక్టిన్ బెంజోయెట్ 0.5 గ్రా / l తో స్ప్రే చేయుట చివరి కీటకం సేకరించడం తరువాత."
"1. Use pheromone trap to monitor the adult moth activity. 2). Three weekly releases of egg parasitoid Trichogrammatoidea bactrae @ 1,00,000/ha per release
coinciding the incidence of the pest.Dust carbaryl 5%D 20 kg/ha, 3. spray Phosalone 35%EC 4.0 ml or Triazophos 40EC 5 ml per liter of water.",
1). To control grown up larva go for poision baiting using 1.0 liter monochrotophos or 750 ml Chlorpyrifos or 300 g thiodicarb  + 10 kg rice brawn +2.0 kg jaggery and mix sufficient water to make small grannules and broadcast in 1 acre  field during evening time. 2). Spray novaluron @ 1.0 ml or lufenuron @ 1.25 ml    or thiodicarb @ 1.5 g or imamectin benzoate @ 0.5 g or flubendamide @ 0.3 ml or clorantraniliprol @ 0.3 ml in 1 liter water.,"1.) మూడవ దాశ దాటిన లద్దె పురుగును అదుపు చెయటానికి విషను ఎరను వాడాలి. ఎకరానికి 10 కిలోల తవుడు, 2 కిలోల బెల్లం తో పాటు 1 లీటరు మోనోక్రోటోఫాస్ లేదా 750 మి.లీ. క్లోరిపైరిఫాస్ లేదా 300 గ్రా. ధ్యయోడికార్బ్ మందుకు సరిపడు నీటిని కలిపి చిన్న చిన్న ఉండలుగా చేసుకొని సాయంత్రం సమయం లో పోలమంతా చల్లాలి. 2.) నొవాల్యూరాన్ 1 మి.లీ. లేదా లుఫెన్యురాన్ 1.25 మి.లీ. లేదా ధయోడికార్బ్ 1.5 గ్రా. లేదా ఇమామెక్టిన్ బెంజోయేట్ 0.5 గ్రా. లేదా ఫ్లూబెండమైడ్ 0.3 మి.లీ. లేదా క్లోరాంట్రానిలిప్రోల్ 0.3 మి.లీ. లీటరు నీటికి కలిపి పిచికారి చేయాలి.    "
"Seed treatment (after acid delinting) with

o Carbosulfan - 40 g/kg  o Imidacloprid 70 WS - 5 g/kg o Thiamethoxam  70 WS - 4 g/kg gives protection for 30 days against sap feeders
• Soil application carbofuran 3G 33 kg/ha (1 kg a.i./ha) at sowing • Stem application (if seed is not treated) with insecticides using brush  o Monocrotophos or methyl demeton 1:4 with water o Imidacloprid 200 SL 1: 20 with water       Three times at 20 – 25, 30 – 35, 40 – 45 Days after sowing. • ETL: 2 – 3 nymphs / leaf. o Foliar sprays with monocrotophos 1.5 ml/l or imidacloprid 0.4 ml/l or methyldemeton 2 ml/l or acetamiprid 0.2 g/l or acephate 1.5 g/l or phosalone 2 ml/l or phosphamidon 0.5 ml/l at 15 & 30 DAS ","విత్తనము చికిత్స (ఆమ్లం delinting తర్వాత) తో

కార్బోసల్ఫాన్ - 40 g / kg o ఇమిడక్లోప్రిడ్ 70 WS - 5 g / kg o థియామెథోక్షం 70 WS - 4 g / kg  తైలము తినేవాటికి వ్యతిరేకంగా 30 రోజుల రక్షణ ఇస్తుంది
• నేల ద్రావణంలో కార్బోఫురాన్ 3G 33 kg/ha (1 kg a.i./ha) విత్తనాలు నాటేటపుడు•  కాండము ద్రావణంలో (విత్తనము చికిత్స చేయకపోతే) బ్రష్ o మోనోక్రోటోఫస్ లేదా మిథైల్ డెమెటోన్ 1: 4 నీటిని ఇడిడక్లోప్రిడ్ 200 SL 1: 20 నీటిలో 20 - 25, 30 - 35, 40 - 45 రోజులు విత్తనం తర్వాత మూడు సార్లు. • ETL: 2 - 3 నిమ్ప్స్ /"
"(1). Do not use synthetic pyrithroids or organo phosporus chemicals. (2).   If the crop is at 30-45 days stage go for stem application of Monochrotophos + water @ 1:4 ratio, if crop is at 45- 60 days stage apply Imidacloprid +water @ 1:20  (3). Spray monochrotophos @ 1.6 ml or  acetamiprid 0.2 g or fepronil 2.0 ml or Imidacloprid 0.25 ml or acephate 75% S.P @ 1.5 g or   thiamethoxam 0.2 g or  difenthiuron @ 1.25 or triazophos @ 2.0 ml spyromesifen1.0 ml  in 1 liter water","1.) పంట తొలి దశ లో సింధటిక్ పైరిధ్రాయిడ్ మరియు ఆర్గానో ఫాస్ఫేట్ మందులను విచ్హల విడిగా పిచికారి చేయకూడదు.  2.) కాండనికి మందు పూత 30,45 రోజులలో మోనోక్రోటోఫాస్, నీరు 1:4 నిష్పత్తి లో మరియు 60 రోజుల వయస్సు లో ఇమిడాక్లోప్రిడ్, నీరు 1:20 నిష్పత్తి లో పూయలి.  3.) లీటరు నీటికి ఫిప్రోనిల్ 2 మి.లీ. లేదా ఎసిఫేట్ 75 యస్‌పి 1.5 గ్రా. లేదా ఇమిడాక్లోప్రిడ్ 0.25 మి.లీ లేదా మోనోక్రోటోఫాస్ 1.6 మి.లీ. లేదా  ట్రైజోఫాస్ 2 మి.లీ. లేదా డైఫెన్‌ధయూరాన్ 1.25 గ్రా. లేదా స్పైరోమెసిఫిన్ 1 మి.లీ. లేదా ధయోమిధాక్సాం 0.2 గ్రా. పిచికారి చేయాలి.  వీలైనంథ వరుకూ పై పురుగు మందులతో పాటు వేవ సంబంధిత మందులను కలిపి పిచికారి చేయాలి."
"(1). If the crop is at 30-45 days stage go for stem application of Monochrotophos + water @ 1:4 ratio, if crop is at 45- 60 days stage apply Imidacloprid +water @ 1:20. (2). Spray acetamiprid 0.2 g or fepronil 2.0 ml or Imidacloprid 0.25 ml orThiamethoxam 0.2 g in 1 liter water.","1.)నివారణకు పంట తొలి దశలో కాండానికి మందు పూత 30,45 రోజులలో మోనోక్రోటోఫాస్, నీరు 1:4 నిష్పత్తిలో మరియు 60 రోజుల వయస్సులో ఇమిడాక్లోప్రిడ్, నీరు 1:20 నిష్పత్తిలో  పూయలి. 2.) ఎసిటామిప్రిడ్ 0.2 గ్రా. లేదా ఫిప్రోనిల్ 2 మి.లీ. లేదా ఇమిడాక్లోప్రిడ్ 0.25 మి.లీ. లేదా ధయోమిధాక్సాం 0.2 గ్రా. లీటరు నీటికి కలిపి పిచికారి చేయాలి."
 Foliar sprays with sulphur 50 WP 3 g/l or dicofol 5 ml/l ,సల్ఫర్ 50 WP 3 g / l లేదా డికోఫోల్ 5 ml / l తో ఫోలియార్ స్ప్రేలు
 Spray monochrotophos @ 1.6 ml or  fepronil 2.0 ml or Imidacloprid 0.25 ml or acephate 75% S.P @ 1.5 g or difenthiuron @ 1.25 g or  in 1 liter water,లీటరు నీటికి మోనోక్రోటోఫాస్ 1.6 మి.లీ. లేదా ఎసిఫేట్ 75 యస్‌పి 1.5 గ్రా. లేదా ఫిప్రోనిల్ 2 మి.లీ.  లేదా ఇమిడాక్లోప్రిడ్ 0.25 మి.లీ. లేదా డైఫెన్‌ధయూరాన్ 1.25 గ్రా.ను గాని కలిపి పిచికారి చేయాలి.
Dust malathion powdar arround each plant,
Spray phosphamidon 100 EC@1.25 ml  Triazophos p@ 2.0 ml or Imidacloprid@0.25 ml or  Profenofos @ 2.0 ml or  Dimethoate @ 2.0 ml per liter of water,"ఫాస్ఫిమిడాన్ 100ఏఛ్ 1.25ml, త్రిజోపోస్ ప్ 2.0 ml  లేదా ఈమిదచ్లొప్రిద్ 0.25ml  లేదా ఫ్రొఫెనొఫొస్ 2.0 ml  లేదా డైమెంటేట్ 2.0 ml  లీటరు నిటిలొ కలిపి పిచికరి చయండి "
"1). Collection and destruction of sheded plant parts, 2). Spray chlorpyriphos 20 EC @ 2.5 ml + Dichlorovas 1.0 ml or fenitrothion 50 EC @1.0 ml  per 1.0 liter of water ","1)ఎండు  మొక్కలు సేకరించి నాశనం చేయంది , 2)క్లోరోపీరిపోస్ 20 ఏఛ్ 2.5  ml  మరియు డిక్లోరోవాస్ 1.0 ml  లేదా ఫెనిటొథియోన్ 50 ఏఛ్ 1.0 ml  1.0 లీటర్ నీటిలొ కలిపి పిచికరి చయండి"
"Euderus pempheriphilla is parasitic on grubs and foliar sprays with chlorpyriphos 2.5 ml/l or endosulfan 2.5 ml/l from three weeks after sowing were effective.
 ","యుడెరస్ పెంఫెరిఫిల్ల పురుగుల మీద పరాన్న ముగ ప్రవర్తిస్తుంది. విత్తనాలు నాటిన మూడు వారాల తరువాత సమర్థవంతంగా ఉంటే, ఫొలియార్ స్ప్రేస్ పాటుగా క్లొయిర్పైరిఫోస్ 2.5 ml / l లేదా ఎండోసల్ఫాన్ 2.5 ml / l తో చల్లుట."
spray profenofos 50% EC @ 3.0 ml or methyl parathion  3.0 ml or acephate+triton or sandovit gum @ 1 ml in 1 liter of water ,నివారణకు ప్రొఫెనోఫాస్ 50 ఇ.సి. లేదా మిధైల్‌పారాధియాన్ 50 ఇ.సి. 3 మి.లీ. లేదా ఎసిఫేట్ 2 గ్రా. +ట్రైటాన్ లేదా సాండోవిట్ లాంటి జిగిరు మందులను 1 మి.లీ. చొప్పున లీటరు నీటికి కలిపి మొక్క పూర్తిగా తడిచేటట్లుగా పిచికారి చేయాలి .
Spray Mancozeb@0.25% prior to first spore showers from gramma grass,గ్రామ గడ్డి నుండి మొట్టమొదటి స్పోర్ర్ జల్లుకు ముందు స్ప్రే మన్కోజెబ్ @0.25% చల్లుట
" Spray Mancozeb@0.25% or Copper oxychloride@0.3% or BM@1% at the initiation of the disease.   ¾ Grow resistant varieties like SRT-1, AC 738, PS 10 and JR 78. "," మన్కోజెబ్ @0.25% లేదా కాపర్ ఒక్షీక్లోరైడ్ @0.3% లేదా BM @ 1% వ్యాధి ప్రారంభంలో స్ప్రే చేయండి. SR SRT-1, AC 738, PS 10 మరియు JR 78 వంటి నిరోధక రకాలు పెంచండి"
Spray Mancozeb@0.25% or Copper oxychloride@0.3% or zineb@0.2% or vitavaz@0.1% at the initiation of the disease.   ,మన్కోజెబ్ @0.25% లేదా కాపర్ ఒక్షీక్లోరైడ్ @0.3% లేదా జినెబ్@0.2% లేదా విటావజ్@0.1% వ్యాధి ప్రారంభంలో స్ప్రే చేయండి.
Spray Mancozeb@0.25% or Copper oxychloride@0.3% at the initiation of the disease. Four to five sprays may be given at 15 days interval. ,మన్కోజెబ్ @0.25% లేదా కాపర్ ఒక్షీక్లోరైడ్ @0.3% వ్యాధి ప్రారంభంలో స్ప్రే చేయండి.నాలుగు నుంచి ఐదు స్ప్రేలు 15 రోజులు విరామంలో ఇవ్వవచ్చు.
 Treat the delinted seeds with Carbendazim or Carboxin@2g/kg or Thiram or Captan at 4g/kg.  ¾ Remove and burn the infected plant debris and bolls in the soil.  ¾ Rogue out the reservoir weed hosts.  ¾ Spray the crop at boll formation stage with Mancozeb@0.25% or Copper oxychloride@0.3% or Ziram@0.25% or Carbendazim@0.1%. ,"కార్బెండజిమ్ లేదా కార్బాక్సిన్ @ 2g / kg లేదా తిరుమ్ లేదా కెప్టెన్తో 4g / kg వద్ద delinted విత్తనాలకి ఉపయోగించండి. ¾ సోకిన మొక్కల చెత్తను తొలగించి, కాల్చేసి మట్టిలో కలపండి. ¾ రిజర్వాయర్ కలుపు హోస్ట్స్ కలుపుతీసేయండి. ¾ మట్టిగడ్డ/కాయల నిర్మాణ దశలో పంటను మన్కోజెబ్ @0.25% లేదా కాపర్ ఓక్సీక్లోరైడ్ @0.3% లేదా జిరం m@0.25% లేదా కర్బెండజిం@0.1% తో స్ప్రే చేయండి."
"Spray the crop with Carbendazim@0.1% or BM@1% or Wettable sulphur at 1.25-2.0 kg/ha, repeat after a week. ",కార్బెండజిమ్ @0.1న్నో లేదా బిఎమ్ @ 1% లేదా వెచ్చని సల్ఫర్ తో 1.25-2.0 కేజీల హెక్టార్తో వారానికి పంటని పునరావృతం చేయాలి.
Treat the delinted seeds with Carboxin@4g/kg or Carbendazim at 2 g/kg. Apply heavy doses of farm yard manure or compost at 10t/ha.  ¾ Follow crop rotation by growing paddy or Lucerne or chrysanthemum for 2-3 years.  ¾ Spot drench with 0.05 per cent Benomyl or Carbendazim. ,కార్బెండజిమ్ లేదా కార్బాక్సిన్ @ 2g / kg లేదా తిరుమ్ లేదా కెప్టెన్తో 4g / kg వద్ద delinted విత్తనాలకి ఉపయోగించండి.10 టన్నుల ఎరువులో వ్యవసాయ గడ్డి లేదా కంపోస్ట్ యొక్క భారీ మోతాదులను పూరించండి. ¾ 2-3 సంవత్సరాల పాటు పెరుగుతున్న వరి లేదా లూసర్న్ లేదా క్రిసాన్తిమం ద్వారా పంట భ్రమణాన్ని అనుసరించండి. 0.05 శాతం బెనోమిల్ లేదా కార్బెండజిమ్ నింపాలి.
"1). Crop rotation with non-host species to reduce presence of fusarium wilt in the soil. Long rotation periods (several years) are more effective than short rotations.2). Resistant cotton varieties are the main method of
managing fusarium wilt in cotton crops.",1). నాన్-హోస్ట్ జాతులతో పంట భ్రమణం నేలలో ఫ్యూసరియం వాట్ల ఉనికిని తగ్గిస్తుంది. చిన్న భ్రమణాల కంటే లాంగ్ రొటేషన్ కాలాలు (చాలా సంవత్సరాలు) మరింత సమర్థవంతంగా ఉంటాయి. 2). నిరోధక పత్తి రకాలు పత్తి పంటలలో ఫ్యూసరియం విల్ట్ నిర్వహణ ప్రధాన పద్ధతి.
Spray quinolphos @ 2.0 ml or Chlorpyrifos 2.5 ml or acephate @ 1.5 g or triazophos @ 2.0 ml  or thiodicarb @ 1.5 g in 1 liter of water,నీటి 1 లీటర్లో స్పిన్ క్వినాల్ఫోస్ 2.0 మిలీ లేదా క్లోరోపీఫిస్ 2.5 మి.లీ. లేదా ఎసెఫేట్ 1.5 గ్రా లేదా ట్రిజోపోస్ 2.0 మిలీ లేదా టైడియోకార్బ్ 1.5 గ్రా కలిపి పిచికరి చయాలి
"Apply 50 per cent of N and K full dose of P2O5 as basal and remaining ½ N and K at 40 – 45 DAS for varieties.  For hybrids apply N in three splits viz., basal, 45 and 65 DAS.","P2O5 యొక్క N మరియు K పూర్తి మోతాదులో 50 శాతం బేసల్ మరియు మిగిలిన ½ N మరియు K 40 - 45 DAS రకాలు కోసం వర్తించండి. హైబ్రిడ్లకు N ను మూడు భాగాలుగా ఉపయోగించండి- బేసల్, 45 మరియు 65 DAS."
When reddening occurs in leaves apply 5% MgSO4 Urea (1.0%) and ZnSO4 (0.10%) as foliar spray on 50th and 80th day to correct this malady.   In Mg deficient areas apply MgSo4 @ 20 kg/ha basally.Need based foliar spray of 2% MgSo4 + 1% Urea during boll formation stage,"యెర్రగా మారుట సరిచేయడానికి 50 మరియు 80 రోజులలో 5% MgSO4, యూరియా (1.0%) మరియు ZnSO4 (0.10%) వంటి ఫోలియార్ స్ప్రే వర్తిస్తాయి. Mg లోపం క్షేత్రాలలో MgSo4 @ 20 kg / ha ప్రాథమికంగా వాడండి. ఫోలియార్ స్ప్రే 2% MgSo4, 1% యూరియా ఆధారితం గా వాడండీ బోల్ నిర్మాణం దశలో."
"ZnSO4 @ 50 kg/ha as basal or ZnSO4 0.5% spray thrice at 45, 60 and 75 DAS","ZnSO4 @ 50 kg / ha బేసల్ లేదా ZnSO4 0.5% స్ప్రే మూడుసార్లు 45, 60 మరియు 75 DAS  దగ్గర"
